"createdAt","updatedAt","author_id","book_id"
"2004-10-19 10:23:54+08","2004-10-19 10:23:54+08",1,1
"2004-10-19 10:33:54+08","2004-10-19 10:33:54+08",1,2
"2004-10-19 10:28:54+08","2004-10-19 10:28:54+08",1,6
"2004-10-19 10:24:54+08","2004-10-19 10:24:54+08",2,2
"2004-10-19 10:34:54+08","2004-10-19 10:34:54+08",2,3
"2004-10-19 10:29:54+08","2004-10-19 10:29:54+08",2,7
"2004-10-19 10:25:54+08","2004-10-19 10:25:54+08",3,3
"2004-10-19 10:30:54+08","2004-10-19 10:30:54+08",3,8
"2004-10-19 10:26:54+08","2004-10-19 10:26:54+08",4,4
"2004-10-19 10:31:54+08","2004-10-19 10:31:54+08",4,9
"2004-10-19 10:32:54+08","2004-10-19 10:32:54+08",5,1
"2004-10-19 10:27:54+08","2004-10-19 10:27:54+08",5,5
