"id","name","createdAt","updatedAt","country_id"
1,"Joel Boyd","2004-10-19 10:23:54+08","2004-10-19 10:23:54+08",1
2,"Willow Dickson","2004-10-19 10:24:54+08","2004-10-19 10:24:54+08",2
3,"Upton Hobbs","2004-10-19 10:25:54+08","2004-10-19 10:25:54+08",3
4,"Bernard Conrad","2004-10-19 10:26:54+08","2004-10-19 10:26:54+08",1
5,"Autumn Crawford","2004-10-19 10:27:54+08","2004-10-19 10:27:54+08",2
6,"Lamar Pitts","2004-10-19 10:28:54+08","2004-10-19 10:28:54+08",3
7,"Anthony Livingston","2004-10-19 10:29:54+08","2004-10-19 10:29:54+08",1
8,"Willow Dickson","2004-10-19 10:30:54+08","2004-10-19 10:30:54+08",2
9,"Dana Silva","2004-10-19 10:31:54+08","2004-10-19 10:31:54+08",3
10,"Blythe French","2004-10-19 10:32:54+08","2004-10-19 10:32:54+08",1
11,"Bernard Conrad","2004-10-19 10:33:54+08","2004-10-19 10:33:54+08",2
12,"Leandra Harmon","2004-10-19 10:34:54+08","2004-10-19 10:34:54+08",3
